{"_timestamp":1.773543359007518e+09,"_wandb":{"runtime":264},"_runtime":264,"_step":2,"Train Loss":2.1092817783355713}