{"_wandb":{"runtime":292},"_runtime":292,"_timestamp":1.7733588765804467e+09,"_step":111,"Train Loss":0.8197349905967712}