{"Validation Loss":0.26887962222099304,"_runtime":1591,"_wandb":{"runtime":1591},"_timestamp":1.7734344407756793e+09,"_step":872,"Train Loss":0.8315304517745972}