{"_wandb":{"runtime":127},"Train Loss":0.7954381704330444,"_timestamp":1.7733598839453456e+09,"_step":53,"_runtime":127}