{"_runtime":691,"_step":270,"Train Loss":0.6837899088859558,"_timestamp":1.7733595842357588e+09,"_wandb":{"runtime":691}}